rank_test_score,mean_test_score,std_test_score,params
1,,,"{'subsample': 0.6, 'reg_lambda': 2.0, 'reg_alpha': 0, 'n_estimators': 200, 'min_child_weight': 7, 'max_depth': 8, 'learning_rate': 0.05, 'gamma': 1.0, 'colsample_bytree': 1.0}"
1,,,"{'subsample': 1.0, 'reg_lambda': 0.5, 'reg_alpha': 1.0, 'n_estimators': 100, 'min_child_weight': 7, 'max_depth': 6, 'learning_rate': 0.1, 'gamma': 1.0, 'colsample_bytree': 1.0}"
1,,,"{'subsample': 0.9, 'reg_lambda': 0.5, 'reg_alpha': 0.01, 'n_estimators': 300, 'min_child_weight': 1, 'max_depth': 8, 'learning_rate': 0.05, 'gamma': 0.2, 'colsample_bytree': 0.9}"
1,,,"{'subsample': 0.9, 'reg_lambda': 1.0, 'reg_alpha': 0.1, 'n_estimators': 300, 'min_child_weight': 1, 'max_depth': 5, 'learning_rate': 0.05, 'gamma': 0.1, 'colsample_bytree': 0.5}"
1,,,"{'subsample': 0.6, 'reg_lambda': 0.5, 'reg_alpha': 1.0, 'n_estimators': 200, 'min_child_weight': 10, 'max_depth': 7, 'learning_rate': 0.1, 'gamma': 1.0, 'colsample_bytree': 0.6}"
1,,,"{'subsample': 1.0, 'reg_lambda': 1.0, 'reg_alpha': 1.0, 'n_estimators': 700, 'min_child_weight': 7, 'max_depth': 8, 'learning_rate': 0.1, 'gamma': 1.0, 'colsample_bytree': 1.0}"
1,,,"{'subsample': 0.7, 'reg_lambda': 1.0, 'reg_alpha': 0, 'n_estimators': 100, 'min_child_weight': 1, 'max_depth': 7, 'learning_rate': 0.15, 'gamma': 0, 'colsample_bytree': 0.9}"
1,,,"{'subsample': 1.0, 'reg_lambda': 2.0, 'reg_alpha': 0.1, 'n_estimators': 300, 'min_child_weight': 3, 'max_depth': 6, 'learning_rate': 0.1, 'gamma': 0.1, 'colsample_bytree': 1.0}"
1,,,"{'subsample': 1.0, 'reg_lambda': 2.0, 'reg_alpha': 0.1, 'n_estimators': 100, 'min_child_weight': 5, 'max_depth': 7, 'learning_rate': 0.01, 'gamma': 0, 'colsample_bytree': 0.8}"
1,,,"{'subsample': 0.7, 'reg_lambda': 2.0, 'reg_alpha': 0, 'n_estimators': 700, 'min_child_weight': 10, 'max_depth': 6, 'learning_rate': 0.05, 'gamma': 0.1, 'colsample_bytree': 0.8}"
1,,,"{'subsample': 0.8, 'reg_lambda': 1.0, 'reg_alpha': 0.1, 'n_estimators': 200, 'min_child_weight': 3, 'max_depth': 6, 'learning_rate': 0.1, 'gamma': 0.5, 'colsample_bytree': 0.5}"
1,,,"{'subsample': 0.8, 'reg_lambda': 0.5, 'reg_alpha': 0.01, 'n_estimators': 300, 'min_child_weight': 3, 'max_depth': 6, 'learning_rate': 0.05, 'gamma': 0.5, 'colsample_bytree': 1.0}"
1,,,"{'subsample': 0.6, 'reg_lambda': 1.0, 'reg_alpha': 0.1, 'n_estimators': 500, 'min_child_weight': 7, 'max_depth': 8, 'learning_rate': 0.03, 'gamma': 1.0, 'colsample_bytree': 0.5}"
1,,,"{'subsample': 0.7, 'reg_lambda': 0.5, 'reg_alpha': 0, 'n_estimators': 300, 'min_child_weight': 10, 'max_depth': 5, 'learning_rate': 0.05, 'gamma': 0, 'colsample_bytree': 0.7}"
1,,,"{'subsample': 0.6, 'reg_lambda': 5.0, 'reg_alpha': 0.01, 'n_estimators': 700, 'min_child_weight': 1, 'max_depth': 5, 'learning_rate': 0.03, 'gamma': 0.5, 'colsample_bytree': 0.8}"
1,,,"{'subsample': 0.7, 'reg_lambda': 2.0, 'reg_alpha': 1.0, 'n_estimators': 500, 'min_child_weight': 7, 'max_depth': 7, 'learning_rate': 0.05, 'gamma': 0.5, 'colsample_bytree': 0.9}"
1,,,"{'subsample': 1.0, 'reg_lambda': 1.0, 'reg_alpha': 0.1, 'n_estimators': 100, 'min_child_weight': 10, 'max_depth': 7, 'learning_rate': 0.03, 'gamma': 1.0, 'colsample_bytree': 0.5}"
1,,,"{'subsample': 0.9, 'reg_lambda': 2.0, 'reg_alpha': 0.1, 'n_estimators': 100, 'min_child_weight': 3, 'max_depth': 7, 'learning_rate': 0.03, 'gamma': 1.0, 'colsample_bytree': 0.9}"
1,,,"{'subsample': 0.9, 'reg_lambda': 0.5, 'reg_alpha': 0.01, 'n_estimators': 300, 'min_child_weight': 7, 'max_depth': 7, 'learning_rate': 0.05, 'gamma': 0, 'colsample_bytree': 0.7}"
1,,,"{'subsample': 0.6, 'reg_lambda': 5.0, 'reg_alpha': 0.01, 'n_estimators': 500, 'min_child_weight': 3, 'max_depth': 8, 'learning_rate': 0.03, 'gamma': 0.1, 'colsample_bytree': 0.5}"
1,,,"{'subsample': 0.8, 'reg_lambda': 2.0, 'reg_alpha': 0.01, 'n_estimators': 300, 'min_child_weight': 1, 'max_depth': 4, 'learning_rate': 0.15, 'gamma': 0.1, 'colsample_bytree': 0.8}"
1,,,"{'subsample': 0.6, 'reg_lambda': 1.0, 'reg_alpha': 0.001, 'n_estimators': 100, 'min_child_weight': 5, 'max_depth': 3, 'learning_rate': 0.1, 'gamma': 0.5, 'colsample_bytree': 0.8}"
1,,,"{'subsample': 0.6, 'reg_lambda': 1.0, 'reg_alpha': 1.0, 'n_estimators': 700, 'min_child_weight': 1, 'max_depth': 3, 'learning_rate': 0.1, 'gamma': 1.0, 'colsample_bytree': 0.8}"
1,,,"{'subsample': 0.7, 'reg_lambda': 5.0, 'reg_alpha': 0.001, 'n_estimators': 700, 'min_child_weight': 7, 'max_depth': 8, 'learning_rate': 0.01, 'gamma': 0.5, 'colsample_bytree': 0.7}"
1,,,"{'subsample': 0.7, 'reg_lambda': 2.0, 'reg_alpha': 0.1, 'n_estimators': 500, 'min_child_weight': 10, 'max_depth': 3, 'learning_rate': 0.05, 'gamma': 0.2, 'colsample_bytree': 0.8}"
1,,,"{'subsample': 0.6, 'reg_lambda': 0.5, 'reg_alpha': 0.01, 'n_estimators': 100, 'min_child_weight': 10, 'max_depth': 3, 'learning_rate': 0.03, 'gamma': 0.2, 'colsample_bytree': 0.7}"
1,,,"{'subsample': 0.8, 'reg_lambda': 0.5, 'reg_alpha': 0.1, 'n_estimators': 300, 'min_child_weight': 5, 'max_depth': 4, 'learning_rate': 0.1, 'gamma': 0, 'colsample_bytree': 0.9}"
1,,,"{'subsample': 0.7, 'reg_lambda': 1.0, 'reg_alpha': 1.0, 'n_estimators': 700, 'min_child_weight': 7, 'max_depth': 8, 'learning_rate': 0.05, 'gamma': 0, 'colsample_bytree': 1.0}"
1,,,"{'subsample': 0.7, 'reg_lambda': 2.0, 'reg_alpha': 0, 'n_estimators': 500, 'min_child_weight': 10, 'max_depth': 6, 'learning_rate': 0.1, 'gamma': 0.5, 'colsample_bytree': 0.6}"
1,,,"{'subsample': 0.6, 'reg_lambda': 5.0, 'reg_alpha': 0.001, 'n_estimators': 100, 'min_child_weight': 10, 'max_depth': 3, 'learning_rate': 0.01, 'gamma': 0.2, 'colsample_bytree': 0.6}"
1,,,"{'subsample': 0.9, 'reg_lambda': 0.5, 'reg_alpha': 0.01, 'n_estimators': 200, 'min_child_weight': 3, 'max_depth': 4, 'learning_rate': 0.1, 'gamma': 0.5, 'colsample_bytree': 0.6}"
1,,,"{'subsample': 0.8, 'reg_lambda': 0.5, 'reg_alpha': 0.01, 'n_estimators': 700, 'min_child_weight': 3, 'max_depth': 3, 'learning_rate': 0.01, 'gamma': 0, 'colsample_bytree': 0.9}"
1,,,"{'subsample': 0.6, 'reg_lambda': 1.0, 'reg_alpha': 0.001, 'n_estimators': 300, 'min_child_weight': 3, 'max_depth': 5, 'learning_rate': 0.15, 'gamma': 0, 'colsample_bytree': 0.5}"
1,,,"{'subsample': 1.0, 'reg_lambda': 2.0, 'reg_alpha': 0.01, 'n_estimators': 200, 'min_child_weight': 10, 'max_depth': 6, 'learning_rate': 0.01, 'gamma': 0.1, 'colsample_bytree': 0.5}"
1,,,"{'subsample': 0.8, 'reg_lambda': 5.0, 'reg_alpha': 0.1, 'n_estimators': 300, 'min_child_weight': 3, 'max_depth': 6, 'learning_rate': 0.1, 'gamma': 0.2, 'colsample_bytree': 0.7}"
1,,,"{'subsample': 1.0, 'reg_lambda': 2.0, 'reg_alpha': 0.01, 'n_estimators': 500, 'min_child_weight': 7, 'max_depth': 4, 'learning_rate': 0.01, 'gamma': 0.1, 'colsample_bytree': 1.0}"
1,,,"{'subsample': 0.9, 'reg_lambda': 5.0, 'reg_alpha': 0.1, 'n_estimators': 200, 'min_child_weight': 3, 'max_depth': 4, 'learning_rate': 0.01, 'gamma': 0.2, 'colsample_bytree': 0.6}"
1,,,"{'subsample': 0.7, 'reg_lambda': 5.0, 'reg_alpha': 0, 'n_estimators': 700, 'min_child_weight': 1, 'max_depth': 3, 'learning_rate': 0.05, 'gamma': 0.2, 'colsample_bytree': 0.8}"
1,,,"{'subsample': 1.0, 'reg_lambda': 1.0, 'reg_alpha': 1.0, 'n_estimators': 200, 'min_child_weight': 3, 'max_depth': 7, 'learning_rate': 0.05, 'gamma': 1.0, 'colsample_bytree': 0.8}"
1,,,"{'subsample': 0.9, 'reg_lambda': 1.0, 'reg_alpha': 0.01, 'n_estimators': 200, 'min_child_weight': 3, 'max_depth': 6, 'learning_rate': 0.15, 'gamma': 0, 'colsample_bytree': 0.5}"
